Email,Password,Student_ID
hs001@caculus.edu.vn,yrgha5,CACULUS_VIP_001
hs002@caculus.edu.vn,a6ge2q,CACULUS_VIP_002
hs003@caculus.edu.vn,cuzua9,CACULUS_VIP_003
hs004@caculus.edu.vn,qn2mw6,CACULUS_VIP_004
hs005@caculus.edu.vn,1jq9o2,CACULUS_VIP_005
hs006@caculus.edu.vn,7ovawh,CACULUS_VIP_006
hs007@caculus.edu.vn,i9r8ej,CACULUS_VIP_007
hs008@caculus.edu.vn,ee3dy8,CACULUS_VIP_008
hs009@caculus.edu.vn,b2exi0,CACULUS_VIP_009
hs010@caculus.edu.vn,3y4t6c,CACULUS_VIP_010
hs011@caculus.edu.vn,8k7sua,CACULUS_VIP_011
hs012@caculus.edu.vn,fviji0,CACULUS_VIP_012
hs013@caculus.edu.vn,fdd4rl,CACULUS_VIP_013
hs014@caculus.edu.vn,xn9q7a,CACULUS_VIP_014
hs015@caculus.edu.vn,tdc9va,CACULUS_VIP_015
hs016@caculus.edu.vn,cxbpf8,CACULUS_VIP_016
hs017@caculus.edu.vn,74lajo,CACULUS_VIP_017
hs018@caculus.edu.vn,a70y9w,CACULUS_VIP_018
hs019@caculus.edu.vn,linrjn,CACULUS_VIP_019
hs020@caculus.edu.vn,yfz5qk,CACULUS_VIP_020
hs021@caculus.edu.vn,2b2x8d,CACULUS_VIP_021
hs022@caculus.edu.vn,oamqtn,CACULUS_VIP_022
hs023@caculus.edu.vn,3gbdg0,CACULUS_VIP_023
hs024@caculus.edu.vn,1man79,CACULUS_VIP_024
hs025@caculus.edu.vn,4w1e1b,CACULUS_VIP_025
hs026@caculus.edu.vn,eivr32,CACULUS_VIP_026
hs027@caculus.edu.vn,vouw0j,CACULUS_VIP_027
hs028@caculus.edu.vn,ixvz54,CACULUS_VIP_028
hs029@caculus.edu.vn,13nzth,CACULUS_VIP_029
hs030@caculus.edu.vn,fxqdru,CACULUS_VIP_030
hs031@caculus.edu.vn,t3qqa2,CACULUS_VIP_031
hs032@caculus.edu.vn,nfyd0n,CACULUS_VIP_032
hs033@caculus.edu.vn,wr38pf,CACULUS_VIP_033
hs034@caculus.edu.vn,uq7qqk,CACULUS_VIP_034
hs035@caculus.edu.vn,nvmlof,CACULUS_VIP_035
hs036@caculus.edu.vn,qijb6w,CACULUS_VIP_036
hs037@caculus.edu.vn,jb2115,CACULUS_VIP_037
hs038@caculus.edu.vn,e4xo77,CACULUS_VIP_038
hs039@caculus.edu.vn,f6tvg1,CACULUS_VIP_039
hs040@caculus.edu.vn,f2o8zt,CACULUS_VIP_040
hs041@caculus.edu.vn,57610a,CACULUS_VIP_041
hs042@caculus.edu.vn,acfomi,CACULUS_VIP_042
hs043@caculus.edu.vn,dwwgb2,CACULUS_VIP_043
hs044@caculus.edu.vn,ya9jx4,CACULUS_VIP_044
hs045@caculus.edu.vn,gs8bdp,CACULUS_VIP_045
hs046@caculus.edu.vn,c3g1na,CACULUS_VIP_046
hs047@caculus.edu.vn,jlw313,CACULUS_VIP_047
hs048@caculus.edu.vn,oimoc1,CACULUS_VIP_048
hs049@caculus.edu.vn,6pfvhz,CACULUS_VIP_049
hs050@caculus.edu.vn,j7uzs4,CACULUS_VIP_050
hs051@caculus.edu.vn,hnyve7,CACULUS_VIP_051
hs052@caculus.edu.vn,tm517c,CACULUS_VIP_052
hs053@caculus.edu.vn,skuf1c,CACULUS_VIP_053
hs054@caculus.edu.vn,3ahqje,CACULUS_VIP_054
hs055@caculus.edu.vn,17l2s6,CACULUS_VIP_055
hs056@caculus.edu.vn,6mgy4z,CACULUS_VIP_056
hs057@caculus.edu.vn,uaj7rj,CACULUS_VIP_057
hs058@caculus.edu.vn,tqkzv0,CACULUS_VIP_058
hs059@caculus.edu.vn,z369am,CACULUS_VIP_059
hs060@caculus.edu.vn,46n20r,CACULUS_VIP_060
hs061@caculus.edu.vn,jt0gzs,CACULUS_VIP_061
hs062@caculus.edu.vn,9ueaph,CACULUS_VIP_062
hs063@caculus.edu.vn,nwfwym,CACULUS_VIP_063
hs064@caculus.edu.vn,35xoku,CACULUS_VIP_064
hs065@caculus.edu.vn,uokmdz,CACULUS_VIP_065
hs066@caculus.edu.vn,poryeb,CACULUS_VIP_066
hs067@caculus.edu.vn,qclu28,CACULUS_VIP_067
hs068@caculus.edu.vn,segjbp,CACULUS_VIP_068
hs069@caculus.edu.vn,itrujo,CACULUS_VIP_069
hs070@caculus.edu.vn,y5wirn,CACULUS_VIP_070
hs071@caculus.edu.vn,gy5nyj,CACULUS_VIP_071
hs072@caculus.edu.vn,yxukzt,CACULUS_VIP_072
hs073@caculus.edu.vn,2xqlje,CACULUS_VIP_073
hs074@caculus.edu.vn,pwqbpo,CACULUS_VIP_074
hs075@caculus.edu.vn,niph82,CACULUS_VIP_075
hs076@caculus.edu.vn,hod2c8,CACULUS_VIP_076
hs077@caculus.edu.vn,c2mlxi,CACULUS_VIP_077
hs078@caculus.edu.vn,w7zdrj,CACULUS_VIP_078
hs079@caculus.edu.vn,12r5jf,CACULUS_VIP_079
hs080@caculus.edu.vn,tr1t4n,CACULUS_VIP_080
hs081@caculus.edu.vn,6nkhdw,CACULUS_VIP_081
hs082@caculus.edu.vn,jsy7xu,CACULUS_VIP_082
hs083@caculus.edu.vn,ajx6y2,CACULUS_VIP_083
hs084@caculus.edu.vn,ommuez,CACULUS_VIP_084
hs085@caculus.edu.vn,rcoyme,CACULUS_VIP_085
hs086@caculus.edu.vn,41eigv,CACULUS_VIP_086
hs087@caculus.edu.vn,iz2p87,CACULUS_VIP_087
hs088@caculus.edu.vn,7hyh1t,CACULUS_VIP_088
hs089@caculus.edu.vn,en75d7,CACULUS_VIP_089
hs090@caculus.edu.vn,3lblnr,CACULUS_VIP_090
hs091@caculus.edu.vn,5g52tq,CACULUS_VIP_091
hs092@caculus.edu.vn,vke9bp,CACULUS_VIP_092
hs093@caculus.edu.vn,bd1lgj,CACULUS_VIP_093
hs094@caculus.edu.vn,cdzkxh,CACULUS_VIP_094
hs095@caculus.edu.vn,raf953,CACULUS_VIP_095
hs096@caculus.edu.vn,160tmk,CACULUS_VIP_096
hs097@caculus.edu.vn,3oak26,CACULUS_VIP_097
hs098@caculus.edu.vn,bnkosw,CACULUS_VIP_098
hs099@caculus.edu.vn,xnltv3,CACULUS_VIP_099
hs100@caculus.edu.vn,oakcyh,CACULUS_VIP_100
hs101@caculus.edu.vn,mi8as2,CACULUS_VIP_101
hs102@caculus.edu.vn,rk0y3u,CACULUS_VIP_102
hs103@caculus.edu.vn,bwf8e0,CACULUS_VIP_103
hs104@caculus.edu.vn,skny0c,CACULUS_VIP_104
hs105@caculus.edu.vn,5w2yp8,CACULUS_VIP_105
hs106@caculus.edu.vn,4lq9ih,CACULUS_VIP_106
hs107@caculus.edu.vn,9bvwcw,CACULUS_VIP_107
hs108@caculus.edu.vn,14mbtz,CACULUS_VIP_108
hs109@caculus.edu.vn,t38ot2,CACULUS_VIP_109
hs110@caculus.edu.vn,0ip1to,CACULUS_VIP_110
hs111@caculus.edu.vn,6onh9k,CACULUS_VIP_111
hs112@caculus.edu.vn,k4yjg0,CACULUS_VIP_112
hs113@caculus.edu.vn,63arn9,CACULUS_VIP_113
hs114@caculus.edu.vn,t35iev,CACULUS_VIP_114
hs115@caculus.edu.vn,gt0unl,CACULUS_VIP_115
hs116@caculus.edu.vn,ircjzj,CACULUS_VIP_116
hs117@caculus.edu.vn,ejt5zk,CACULUS_VIP_117
hs118@caculus.edu.vn,wqk4hl,CACULUS_VIP_118
hs119@caculus.edu.vn,ldw5mg,CACULUS_VIP_119
hs120@caculus.edu.vn,vqoyng,CACULUS_VIP_120
hs121@caculus.edu.vn,ohr5ws,CACULUS_VIP_121
hs122@caculus.edu.vn,66z5l2,CACULUS_VIP_122
hs123@caculus.edu.vn,6rqnrp,CACULUS_VIP_123
hs124@caculus.edu.vn,z1ajow,CACULUS_VIP_124
hs125@caculus.edu.vn,0odj6m,CACULUS_VIP_125
hs126@caculus.edu.vn,yjy84s,CACULUS_VIP_126
hs127@caculus.edu.vn,uowiab,CACULUS_VIP_127
hs128@caculus.edu.vn,9tf7en,CACULUS_VIP_128
hs129@caculus.edu.vn,2m1ylb,CACULUS_VIP_129
hs130@caculus.edu.vn,pnybn1,CACULUS_VIP_130
hs131@caculus.edu.vn,uf39lb,CACULUS_VIP_131
hs132@caculus.edu.vn,jpdbth,CACULUS_VIP_132
hs133@caculus.edu.vn,eovbpj,CACULUS_VIP_133
hs134@caculus.edu.vn,ozdqu2,CACULUS_VIP_134
hs135@caculus.edu.vn,azabjm,CACULUS_VIP_135
hs136@caculus.edu.vn,rm2my0,CACULUS_VIP_136
hs137@caculus.edu.vn,cmy4sh,CACULUS_VIP_137
hs138@caculus.edu.vn,wqyw8s,CACULUS_VIP_138
hs139@caculus.edu.vn,2v7j51,CACULUS_VIP_139
hs140@caculus.edu.vn,3bxszw,CACULUS_VIP_140
hs141@caculus.edu.vn,fo00y7,CACULUS_VIP_141
hs142@caculus.edu.vn,lhqnwt,CACULUS_VIP_142
hs143@caculus.edu.vn,gpdfp8,CACULUS_VIP_143
hs144@caculus.edu.vn,6ytwzn,CACULUS_VIP_144
hs145@caculus.edu.vn,mx7ejd,CACULUS_VIP_145
hs146@caculus.edu.vn,gt87pd,CACULUS_VIP_146
hs147@caculus.edu.vn,y6tmox,CACULUS_VIP_147
hs148@caculus.edu.vn,8dxqur,CACULUS_VIP_148
hs149@caculus.edu.vn,a6crej,CACULUS_VIP_149
hs150@caculus.edu.vn,93mg7w,CACULUS_VIP_150
hs151@caculus.edu.vn,byk1vb,CACULUS_VIP_151
hs152@caculus.edu.vn,osfv3r,CACULUS_VIP_152
hs153@caculus.edu.vn,ynlzxd,CACULUS_VIP_153
hs154@caculus.edu.vn,u23tn5,CACULUS_VIP_154
hs155@caculus.edu.vn,w5j6s8,CACULUS_VIP_155
hs156@caculus.edu.vn,3j1t3j,CACULUS_VIP_156
hs157@caculus.edu.vn,q26bp1,CACULUS_VIP_157
hs158@caculus.edu.vn,pl2o8r,CACULUS_VIP_158
hs159@caculus.edu.vn,bioh5y,CACULUS_VIP_159
hs160@caculus.edu.vn,kgx3lu,CACULUS_VIP_160
hs161@caculus.edu.vn,op2dwv,CACULUS_VIP_161
hs162@caculus.edu.vn,ee2ird,CACULUS_VIP_162
hs163@caculus.edu.vn,rgbz3h,CACULUS_VIP_163
hs164@caculus.edu.vn,2lxx1t,CACULUS_VIP_164
hs165@caculus.edu.vn,nv4bko,CACULUS_VIP_165
hs166@caculus.edu.vn,5mijsb,CACULUS_VIP_166
hs167@caculus.edu.vn,yvyamr,CACULUS_VIP_167
hs168@caculus.edu.vn,bv7ioe,CACULUS_VIP_168
hs169@caculus.edu.vn,qv0f1t,CACULUS_VIP_169
hs170@caculus.edu.vn,zmqq8b,CACULUS_VIP_170
hs171@caculus.edu.vn,95xfl6,CACULUS_VIP_171
hs172@caculus.edu.vn,oo8a0v,CACULUS_VIP_172
hs173@caculus.edu.vn,xutftr,CACULUS_VIP_173
hs174@caculus.edu.vn,kza2zk,CACULUS_VIP_174
hs175@caculus.edu.vn,t1f9di,CACULUS_VIP_175
hs176@caculus.edu.vn,urydah,CACULUS_VIP_176
hs177@caculus.edu.vn,5zd5ag,CACULUS_VIP_177
hs178@caculus.edu.vn,t875xi,CACULUS_VIP_178
hs179@caculus.edu.vn,osqaqc,CACULUS_VIP_179
hs180@caculus.edu.vn,o18s25,CACULUS_VIP_180
hs181@caculus.edu.vn,k7pg62,CACULUS_VIP_181
hs182@caculus.edu.vn,g17sg7,CACULUS_VIP_182
hs183@caculus.edu.vn,8jgxfj,CACULUS_VIP_183
hs184@caculus.edu.vn,gvmud3,CACULUS_VIP_184
hs185@caculus.edu.vn,mb99a5,CACULUS_VIP_185
hs186@caculus.edu.vn,291i2h,CACULUS_VIP_186
hs187@caculus.edu.vn,5wqr9b,CACULUS_VIP_187
hs188@caculus.edu.vn,zb5uha,CACULUS_VIP_188
hs189@caculus.edu.vn,b60w8o,CACULUS_VIP_189
hs190@caculus.edu.vn,uh3p5m,CACULUS_VIP_190
hs191@caculus.edu.vn,tu5ywc,CACULUS_VIP_191
hs192@caculus.edu.vn,d5gwp9,CACULUS_VIP_192
hs193@caculus.edu.vn,xz7y9j,CACULUS_VIP_193
hs194@caculus.edu.vn,xdugj1,CACULUS_VIP_194
hs195@caculus.edu.vn,mmj1f5,CACULUS_VIP_195
hs196@caculus.edu.vn,9hhcif,CACULUS_VIP_196
hs197@caculus.edu.vn,mw0kh6,CACULUS_VIP_197
hs198@caculus.edu.vn,xejmx4,CACULUS_VIP_198
hs199@caculus.edu.vn,ck2r1z,CACULUS_VIP_199
hs200@caculus.edu.vn,7d00h0,CACULUS_VIP_200
hs201@caculus.edu.vn,7u0u3n,CACULUS_VIP_201
hs202@caculus.edu.vn,1n28mn,CACULUS_VIP_202
hs203@caculus.edu.vn,sbxw5u,CACULUS_VIP_203
hs204@caculus.edu.vn,ixuhip,CACULUS_VIP_204
hs205@caculus.edu.vn,16vhtf,CACULUS_VIP_205
hs206@caculus.edu.vn,2m61xp,CACULUS_VIP_206
hs207@caculus.edu.vn,rg918p,CACULUS_VIP_207
hs208@caculus.edu.vn,wa258q,CACULUS_VIP_208
hs209@caculus.edu.vn,foxuxq,CACULUS_VIP_209
hs210@caculus.edu.vn,vwnit0,CACULUS_VIP_210
hs211@caculus.edu.vn,ks86uh,CACULUS_VIP_211
hs212@caculus.edu.vn,95kj9a,CACULUS_VIP_212
hs213@caculus.edu.vn,4niwc7,CACULUS_VIP_213
hs214@caculus.edu.vn,4hdbkw,CACULUS_VIP_214
hs215@caculus.edu.vn,h24f8l,CACULUS_VIP_215
hs216@caculus.edu.vn,cib2dr,CACULUS_VIP_216
hs217@caculus.edu.vn,tptklk,CACULUS_VIP_217
hs218@caculus.edu.vn,ycpbd7,CACULUS_VIP_218
hs219@caculus.edu.vn,2zyufs,CACULUS_VIP_219
hs220@caculus.edu.vn,40i0ty,CACULUS_VIP_220
hs221@caculus.edu.vn,fw9iqq,CACULUS_VIP_221
hs222@caculus.edu.vn,5m7v8f,CACULUS_VIP_222
hs223@caculus.edu.vn,0dm59u,CACULUS_VIP_223
hs224@caculus.edu.vn,fni2s9,CACULUS_VIP_224
hs225@caculus.edu.vn,byk3b1,CACULUS_VIP_225
hs226@caculus.edu.vn,ov2ip5,CACULUS_VIP_226
hs227@caculus.edu.vn,xk1rsk,CACULUS_VIP_227
hs228@caculus.edu.vn,iti5pk,CACULUS_VIP_228
hs229@caculus.edu.vn,8mbqk9,CACULUS_VIP_229
hs230@caculus.edu.vn,ljyi13,CACULUS_VIP_230
hs231@caculus.edu.vn,zo456z,CACULUS_VIP_231
hs232@caculus.edu.vn,g9yvkl,CACULUS_VIP_232
hs233@caculus.edu.vn,vnirv7,CACULUS_VIP_233
hs234@caculus.edu.vn,0zf84b,CACULUS_VIP_234
hs235@caculus.edu.vn,mvmffb,CACULUS_VIP_235
hs236@caculus.edu.vn,icop3v,CACULUS_VIP_236
hs237@caculus.edu.vn,ht2j26,CACULUS_VIP_237
hs238@caculus.edu.vn,q253z3,CACULUS_VIP_238
hs239@caculus.edu.vn,bn4zaw,CACULUS_VIP_239
hs240@caculus.edu.vn,y499hy,CACULUS_VIP_240
hs241@caculus.edu.vn,5ef68f,CACULUS_VIP_241
hs242@caculus.edu.vn,867h7z,CACULUS_VIP_242
hs243@caculus.edu.vn,bmjx0d,CACULUS_VIP_243
hs244@caculus.edu.vn,zy2i7w,CACULUS_VIP_244
hs245@caculus.edu.vn,li0zzl,CACULUS_VIP_245
hs246@caculus.edu.vn,a84i0m,CACULUS_VIP_246
hs247@caculus.edu.vn,1ho714,CACULUS_VIP_247
hs248@caculus.edu.vn,d53l6v,CACULUS_VIP_248
hs249@caculus.edu.vn,u71bzv,CACULUS_VIP_249
hs250@caculus.edu.vn,an8a0z,CACULUS_VIP_250
hs251@caculus.edu.vn,28969r,CACULUS_VIP_251
hs252@caculus.edu.vn,2lwtkw,CACULUS_VIP_252
hs253@caculus.edu.vn,u6yy90,CACULUS_VIP_253
hs254@caculus.edu.vn,ztcall,CACULUS_VIP_254
hs255@caculus.edu.vn,aumlro,CACULUS_VIP_255
hs256@caculus.edu.vn,1gkjm9,CACULUS_VIP_256
hs257@caculus.edu.vn,9lq58q,CACULUS_VIP_257
hs258@caculus.edu.vn,daf4w6,CACULUS_VIP_258
hs259@caculus.edu.vn,30fzel,CACULUS_VIP_259
hs260@caculus.edu.vn,xahy6b,CACULUS_VIP_260
hs261@caculus.edu.vn,b6zosk,CACULUS_VIP_261
hs262@caculus.edu.vn,2vodw1,CACULUS_VIP_262
hs263@caculus.edu.vn,sxq3vk,CACULUS_VIP_263
hs264@caculus.edu.vn,bziasm,CACULUS_VIP_264
hs265@caculus.edu.vn,eqd4se,CACULUS_VIP_265
hs266@caculus.edu.vn,9nntqa,CACULUS_VIP_266
hs267@caculus.edu.vn,8tj102,CACULUS_VIP_267
hs268@caculus.edu.vn,h1aw9j,CACULUS_VIP_268
hs269@caculus.edu.vn,u1nkib,CACULUS_VIP_269
hs270@caculus.edu.vn,kqour6,CACULUS_VIP_270
hs271@caculus.edu.vn,hspcwh,CACULUS_VIP_271
hs272@caculus.edu.vn,ojtg6o,CACULUS_VIP_272
hs273@caculus.edu.vn,7nfwgr,CACULUS_VIP_273
hs274@caculus.edu.vn,trxnb2,CACULUS_VIP_274
hs275@caculus.edu.vn,cuahx4,CACULUS_VIP_275
hs276@caculus.edu.vn,78hml0,CACULUS_VIP_276
hs277@caculus.edu.vn,hyyavt,CACULUS_VIP_277
hs278@caculus.edu.vn,tajau4,CACULUS_VIP_278
hs279@caculus.edu.vn,worlyx,CACULUS_VIP_279
hs280@caculus.edu.vn,imsa4m,CACULUS_VIP_280
hs281@caculus.edu.vn,jjbbix,CACULUS_VIP_281
hs282@caculus.edu.vn,nw0p5p,CACULUS_VIP_282
hs283@caculus.edu.vn,ez0lv8,CACULUS_VIP_283
hs284@caculus.edu.vn,vqv9qs,CACULUS_VIP_284
hs285@caculus.edu.vn,v5m9ht,CACULUS_VIP_285
hs286@caculus.edu.vn,4q4h8e,CACULUS_VIP_286
hs287@caculus.edu.vn,xwluro,CACULUS_VIP_287
hs288@caculus.edu.vn,t8u6ic,CACULUS_VIP_288
hs289@caculus.edu.vn,76dgvj,CACULUS_VIP_289
hs290@caculus.edu.vn,40gaoy,CACULUS_VIP_290
hs291@caculus.edu.vn,0kyf9l,CACULUS_VIP_291
hs292@caculus.edu.vn,mvh5tu,CACULUS_VIP_292
hs293@caculus.edu.vn,4by1qz,CACULUS_VIP_293
hs294@caculus.edu.vn,999whv,CACULUS_VIP_294
hs295@caculus.edu.vn,hccwl3,CACULUS_VIP_295
hs296@caculus.edu.vn,8c4a37,CACULUS_VIP_296
hs297@caculus.edu.vn,prmayf,CACULUS_VIP_297
hs298@caculus.edu.vn,t4q72r,CACULUS_VIP_298
hs299@caculus.edu.vn,fk2kxt,CACULUS_VIP_299
hs300@caculus.edu.vn,77pxrx,CACULUS_VIP_300
hs301@caculus.edu.vn,id4qqi,CACULUS_VIP_301
hs302@caculus.edu.vn,yxzwma,CACULUS_VIP_302
hs303@caculus.edu.vn,y1jyk6,CACULUS_VIP_303
hs304@caculus.edu.vn,cfved4,CACULUS_VIP_304
hs305@caculus.edu.vn,1ymqox,CACULUS_VIP_305
hs306@caculus.edu.vn,unn5qi,CACULUS_VIP_306
hs307@caculus.edu.vn,ktv9uq,CACULUS_VIP_307
hs308@caculus.edu.vn,zn3mjh,CACULUS_VIP_308
hs309@caculus.edu.vn,fgjd1g,CACULUS_VIP_309
hs310@caculus.edu.vn,xj2sap,CACULUS_VIP_310
hs311@caculus.edu.vn,67emq9,CACULUS_VIP_311
hs312@caculus.edu.vn,cs9vp4,CACULUS_VIP_312
hs313@caculus.edu.vn,j435n5,CACULUS_VIP_313
hs314@caculus.edu.vn,3nziss,CACULUS_VIP_314
hs315@caculus.edu.vn,ugdcx1,CACULUS_VIP_315
hs316@caculus.edu.vn,b07e93,CACULUS_VIP_316
hs317@caculus.edu.vn,9y2k0l,CACULUS_VIP_317
hs318@caculus.edu.vn,3cp8g1,CACULUS_VIP_318
hs319@caculus.edu.vn,5fzf72,CACULUS_VIP_319
hs320@caculus.edu.vn,wwklj8,CACULUS_VIP_320
hs321@caculus.edu.vn,ewpqdc,CACULUS_VIP_321
hs322@caculus.edu.vn,ybgnvc,CACULUS_VIP_322
hs323@caculus.edu.vn,w9t146,CACULUS_VIP_323
hs324@caculus.edu.vn,6qeom9,CACULUS_VIP_324
hs325@caculus.edu.vn,bxtz9w,CACULUS_VIP_325
hs326@caculus.edu.vn,p0zctt,CACULUS_VIP_326
hs327@caculus.edu.vn,om7o1l,CACULUS_VIP_327
hs328@caculus.edu.vn,fsfloo,CACULUS_VIP_328
hs329@caculus.edu.vn,l87zv3,CACULUS_VIP_329
hs330@caculus.edu.vn,jnu2fy,CACULUS_VIP_330
hs331@caculus.edu.vn,jhzncz,CACULUS_VIP_331
hs332@caculus.edu.vn,v3gtwi,CACULUS_VIP_332
hs333@caculus.edu.vn,luf07l,CACULUS_VIP_333
hs334@caculus.edu.vn,r0vft6,CACULUS_VIP_334
hs335@caculus.edu.vn,8hhqwb,CACULUS_VIP_335
hs336@caculus.edu.vn,z1af34,CACULUS_VIP_336
hs337@caculus.edu.vn,mklawv,CACULUS_VIP_337
hs338@caculus.edu.vn,fg1k9t,CACULUS_VIP_338
hs339@caculus.edu.vn,m090k5,CACULUS_VIP_339
hs340@caculus.edu.vn,r0so3q,CACULUS_VIP_340
hs341@caculus.edu.vn,v601ii,CACULUS_VIP_341
hs342@caculus.edu.vn,j0v6q6,CACULUS_VIP_342
hs343@caculus.edu.vn,rtvvzi,CACULUS_VIP_343
hs344@caculus.edu.vn,53ft42,CACULUS_VIP_344
hs345@caculus.edu.vn,pi6lgx,CACULUS_VIP_345
hs346@caculus.edu.vn,ecgxh4,CACULUS_VIP_346
hs347@caculus.edu.vn,ztq1f0,CACULUS_VIP_347
hs348@caculus.edu.vn,mxecso,CACULUS_VIP_348
hs349@caculus.edu.vn,vzvipk,CACULUS_VIP_349
hs350@caculus.edu.vn,yjc42b,CACULUS_VIP_350
hs351@caculus.edu.vn,pataba,CACULUS_VIP_351
hs352@caculus.edu.vn,gbeuwv,CACULUS_VIP_352
hs353@caculus.edu.vn,0ma7sf,CACULUS_VIP_353
hs354@caculus.edu.vn,c096hm,CACULUS_VIP_354
hs355@caculus.edu.vn,ex0zcg,CACULUS_VIP_355
hs356@caculus.edu.vn,cp2qnl,CACULUS_VIP_356
hs357@caculus.edu.vn,rgvcqa,CACULUS_VIP_357
hs358@caculus.edu.vn,l8w9j5,CACULUS_VIP_358
hs359@caculus.edu.vn,uhg5tw,CACULUS_VIP_359
hs360@caculus.edu.vn,roq9uq,CACULUS_VIP_360
hs361@caculus.edu.vn,32ws9x,CACULUS_VIP_361
hs362@caculus.edu.vn,w3jj1l,CACULUS_VIP_362
hs363@caculus.edu.vn,egifd4,CACULUS_VIP_363
hs364@caculus.edu.vn,k8s2u2,CACULUS_VIP_364
hs365@caculus.edu.vn,bh5cm6,CACULUS_VIP_365
hs366@caculus.edu.vn,298c9v,CACULUS_VIP_366
hs367@caculus.edu.vn,5qglnz,CACULUS_VIP_367
hs368@caculus.edu.vn,n0jwbr,CACULUS_VIP_368
hs369@caculus.edu.vn,a1f4tv,CACULUS_VIP_369
hs370@caculus.edu.vn,hm1udg,CACULUS_VIP_370
hs371@caculus.edu.vn,d070if,CACULUS_VIP_371
hs372@caculus.edu.vn,xivqor,CACULUS_VIP_372
hs373@caculus.edu.vn,y1f9z6,CACULUS_VIP_373
hs374@caculus.edu.vn,v367yb,CACULUS_VIP_374
hs375@caculus.edu.vn,3td9jq,CACULUS_VIP_375
hs376@caculus.edu.vn,t1ynyq,CACULUS_VIP_376
hs377@caculus.edu.vn,8ryiwm,CACULUS_VIP_377
hs378@caculus.edu.vn,jxsulr,CACULUS_VIP_378
hs379@caculus.edu.vn,6g85o6,CACULUS_VIP_379
hs380@caculus.edu.vn,092p18,CACULUS_VIP_380
hs381@caculus.edu.vn,4wzgg2,CACULUS_VIP_381
hs382@caculus.edu.vn,m46vgw,CACULUS_VIP_382
hs383@caculus.edu.vn,jket6q,CACULUS_VIP_383
hs384@caculus.edu.vn,tkt219,CACULUS_VIP_384
hs385@caculus.edu.vn,5hw98v,CACULUS_VIP_385
hs386@caculus.edu.vn,gipfm5,CACULUS_VIP_386
hs387@caculus.edu.vn,4sfkw1,CACULUS_VIP_387
hs388@caculus.edu.vn,3x9ibv,CACULUS_VIP_388
hs389@caculus.edu.vn,d3wnj5,CACULUS_VIP_389
hs390@caculus.edu.vn,4vnerh,CACULUS_VIP_390
hs391@caculus.edu.vn,efjrwe,CACULUS_VIP_391
hs392@caculus.edu.vn,c3lipu,CACULUS_VIP_392
hs393@caculus.edu.vn,gd0uua,CACULUS_VIP_393
hs394@caculus.edu.vn,eewndp,CACULUS_VIP_394
hs395@caculus.edu.vn,n5w4qq,CACULUS_VIP_395
hs396@caculus.edu.vn,wietl0,CACULUS_VIP_396
hs397@caculus.edu.vn,0pvbgb,CACULUS_VIP_397
hs398@caculus.edu.vn,8cyrl6,CACULUS_VIP_398
hs399@caculus.edu.vn,xe3f5y,CACULUS_VIP_399
hs400@caculus.edu.vn,bre32k,CACULUS_VIP_400
hs401@caculus.edu.vn,1btn7g,CACULUS_VIP_401
hs402@caculus.edu.vn,lefxsh,CACULUS_VIP_402
hs403@caculus.edu.vn,pbsbsp,CACULUS_VIP_403
hs404@caculus.edu.vn,gt2jfj,CACULUS_VIP_404
hs405@caculus.edu.vn,3ye2ja,CACULUS_VIP_405
hs406@caculus.edu.vn,0pkuw1,CACULUS_VIP_406
hs407@caculus.edu.vn,o5t9ua,CACULUS_VIP_407
hs408@caculus.edu.vn,yxo9q0,CACULUS_VIP_408
hs409@caculus.edu.vn,ww9tw7,CACULUS_VIP_409
hs410@caculus.edu.vn,wme0t2,CACULUS_VIP_410
hs411@caculus.edu.vn,mbkhfe,CACULUS_VIP_411
hs412@caculus.edu.vn,ivncfm,CACULUS_VIP_412
hs413@caculus.edu.vn,xrqav6,CACULUS_VIP_413
hs414@caculus.edu.vn,d7eiu2,CACULUS_VIP_414
hs415@caculus.edu.vn,44ywtl,CACULUS_VIP_415
hs416@caculus.edu.vn,a1l08g,CACULUS_VIP_416
hs417@caculus.edu.vn,g5l13w,CACULUS_VIP_417
hs418@caculus.edu.vn,ebqurz,CACULUS_VIP_418
hs419@caculus.edu.vn,3thiva,CACULUS_VIP_419
hs420@caculus.edu.vn,6ewq7o,CACULUS_VIP_420
hs421@caculus.edu.vn,x3aay8,CACULUS_VIP_421
hs422@caculus.edu.vn,gf8dwr,CACULUS_VIP_422
hs423@caculus.edu.vn,qd9a2j,CACULUS_VIP_423
hs424@caculus.edu.vn,jdlqfc,CACULUS_VIP_424
hs425@caculus.edu.vn,rfb4gd,CACULUS_VIP_425
hs426@caculus.edu.vn,y98htu,CACULUS_VIP_426
hs427@caculus.edu.vn,lkp246,CACULUS_VIP_427
hs428@caculus.edu.vn,cxunlz,CACULUS_VIP_428
hs429@caculus.edu.vn,fgpi17,CACULUS_VIP_429
hs430@caculus.edu.vn,6p91zh,CACULUS_VIP_430
hs431@caculus.edu.vn,s8kg4n,CACULUS_VIP_431
hs432@caculus.edu.vn,x1ddta,CACULUS_VIP_432
hs433@caculus.edu.vn,wf5zl6,CACULUS_VIP_433
hs434@caculus.edu.vn,50bl30,CACULUS_VIP_434
hs435@caculus.edu.vn,tasbat,CACULUS_VIP_435
hs436@caculus.edu.vn,moxvwk,CACULUS_VIP_436
hs437@caculus.edu.vn,ojm0ir,CACULUS_VIP_437
hs438@caculus.edu.vn,5q9a0n,CACULUS_VIP_438
hs439@caculus.edu.vn,w7ri2n,CACULUS_VIP_439
hs440@caculus.edu.vn,tz4yhv,CACULUS_VIP_440
hs441@caculus.edu.vn,f2cnyc,CACULUS_VIP_441
hs442@caculus.edu.vn,z9aneh,CACULUS_VIP_442
hs443@caculus.edu.vn,7e1lwh,CACULUS_VIP_443
hs444@caculus.edu.vn,r5839o,CACULUS_VIP_444
hs445@caculus.edu.vn,ua5t9b,CACULUS_VIP_445
hs446@caculus.edu.vn,yx6qdx,CACULUS_VIP_446
hs447@caculus.edu.vn,wtsw31,CACULUS_VIP_447
hs448@caculus.edu.vn,ldud89,CACULUS_VIP_448
hs449@caculus.edu.vn,k0b3v0,CACULUS_VIP_449
hs450@caculus.edu.vn,qykdyi,CACULUS_VIP_450
hs451@caculus.edu.vn,311rpg,CACULUS_VIP_451
hs452@caculus.edu.vn,q5td78,CACULUS_VIP_452
hs453@caculus.edu.vn,mmo3t8,CACULUS_VIP_453
hs454@caculus.edu.vn,buu6ha,CACULUS_VIP_454
hs455@caculus.edu.vn,5jium6,CACULUS_VIP_455
hs456@caculus.edu.vn,czz3b2,CACULUS_VIP_456
hs457@caculus.edu.vn,izgxud,CACULUS_VIP_457
hs458@caculus.edu.vn,nqat60,CACULUS_VIP_458
hs459@caculus.edu.vn,tp08re,CACULUS_VIP_459
hs460@caculus.edu.vn,9oxd7v,CACULUS_VIP_460
hs461@caculus.edu.vn,ie0r4c,CACULUS_VIP_461
hs462@caculus.edu.vn,tkwanp,CACULUS_VIP_462
hs463@caculus.edu.vn,20cu1i,CACULUS_VIP_463
hs464@caculus.edu.vn,cm1o0k,CACULUS_VIP_464
hs465@caculus.edu.vn,2wd6q4,CACULUS_VIP_465
hs466@caculus.edu.vn,y7u8x1,CACULUS_VIP_466
hs467@caculus.edu.vn,uv59xw,CACULUS_VIP_467
hs468@caculus.edu.vn,evv1kr,CACULUS_VIP_468
hs469@caculus.edu.vn,b8mrq6,CACULUS_VIP_469
hs470@caculus.edu.vn,kli1fo,CACULUS_VIP_470
hs471@caculus.edu.vn,yhp2ow,CACULUS_VIP_471
hs472@caculus.edu.vn,nnn4id,CACULUS_VIP_472
hs473@caculus.edu.vn,es59tr,CACULUS_VIP_473
hs474@caculus.edu.vn,552rzd,CACULUS_VIP_474
hs475@caculus.edu.vn,y7iwdj,CACULUS_VIP_475
hs476@caculus.edu.vn,afl1jp,CACULUS_VIP_476
hs477@caculus.edu.vn,2kx46f,CACULUS_VIP_477
hs478@caculus.edu.vn,w9cn2o,CACULUS_VIP_478
hs479@caculus.edu.vn,p05y1l,CACULUS_VIP_479
hs480@caculus.edu.vn,dol8ij,CACULUS_VIP_480
hs481@caculus.edu.vn,vfh63l,CACULUS_VIP_481
hs482@caculus.edu.vn,32a379,CACULUS_VIP_482
hs483@caculus.edu.vn,4lvp7z,CACULUS_VIP_483
hs484@caculus.edu.vn,fv6fym,CACULUS_VIP_484
hs485@caculus.edu.vn,7at54q,CACULUS_VIP_485
hs486@caculus.edu.vn,wxiz20,CACULUS_VIP_486
hs487@caculus.edu.vn,z7vsjc,CACULUS_VIP_487
hs488@caculus.edu.vn,eg4p7e,CACULUS_VIP_488
hs489@caculus.edu.vn,dwzz7k,CACULUS_VIP_489
hs490@caculus.edu.vn,gyrgvx,CACULUS_VIP_490
hs491@caculus.edu.vn,1rmkkb,CACULUS_VIP_491
hs492@caculus.edu.vn,jb1vij,CACULUS_VIP_492
hs493@caculus.edu.vn,ahxuss,CACULUS_VIP_493
hs494@caculus.edu.vn,qs9ol3,CACULUS_VIP_494
hs495@caculus.edu.vn,gwm2il,CACULUS_VIP_495
hs496@caculus.edu.vn,g9yfd1,CACULUS_VIP_496
hs497@caculus.edu.vn,o4w9of,CACULUS_VIP_497
hs498@caculus.edu.vn,khqlqs,CACULUS_VIP_498
hs499@caculus.edu.vn,z6v0xs,CACULUS_VIP_499
hs500@caculus.edu.vn,eteep7,CACULUS_VIP_500